id,produto,quantidade,preço,data
1,Smartphone,2,899.99,15/09/2023
2,Livro "A Guerra dos Tronos",3,29.99,16/09/2023
3,Console de Jogos,1,399.99,17/09/2023
4,Fones de Ouvido Bluetooth,4,69.99,18/09/2023
5,Relógio Inteligente,5,149.99,19/09/2023
6,Carregador Portátil,2,24.99,20/09/2023
7,Panela Elétrica,1,79.99,21/09/2023
8,Câmera Fotográfica,2,499.99,22/09/2023
9,Teclado sem Fio,1,39.99,23/09/2023
10,Mouse Óptico,3,14.99,24/09/2023
11,Tablet,1,299.99,25/09/2023
12,Impressora Multifuncional,2,129.99,26/09/2023
13,Monitor LED,1,199.99,27/09/2023
14,Aspirador de Pó Robô,3,179.99,28/09/2023
15,Bicicleta Dobrável,1,349.99,29/09/2023
16,Drone,2,199.99,30/09/2023
17,Smart TV,1,699.99,01/10/2023
18,Cafeteira Programável,2,59.99,02/10/2023
19,Barbeador Elétrico,3,49.99,03/10/2023
20,Fritadeira sem Óleo,1,89.99,04/10/2023
21,Churrasqueira Elétrica,4,129.99,05/10/2023
22,Robô de Limpeza,1,299.99,06/10/2023
23,Massageador Corporal,2,34.99,07/10/2023
24,Caixa de Som Bluetooth,3,44.99,08/10/2023
25,Kit de Ferramentas,1,79.99,09/10/2023
26,Filmadora,2,159.99,10/10/2023
27,GPS para Carro,1,99.99,11/10/2023
28,Forno Elétrico,2,149.99,12/10/2023
29,Secador de Cabelo Profissional,1,69.99,13/10/2023
30,Mala de Viagem,3,54.99,14/10/2023
31,Escova Dental Elétrica,1,29.99,15/10/2023
32,Panela de Pressão Elétrica,2,89.99,16/10/2023
33,Kit de Maquiagem Profissional,3,49.99,17/10/2023
34,Caixa de Ferramentas para Jardinagem,1,39.99,18/10/2023
35,Kit de Pintura em Aquarela,2,19.99,19/10/2023
36,Brinquedos Educativos para Crianças,3,29.99,20/10/2023
37,Jogo de Panelas Antiaderentes,1,69.99,21/10/2023
38,Luminária de Mesa LED,2,14.99,22/10/2023
39,Mini Geladeira Portátil,1,79.99,23/10/2023
40,Conjunto de Taças de Vinho,2,24.99,24/10/2023
41,Kit de Churrasco com Estojo,3,34.99,25/10/2023
42,Bolsa Térmica para Picnic,1,49.99,26/10/2023
43,Guarda-chuva Automático,2,9.99,27/10/2023
44,Carregador de Carro para Celular,1,19.99,28/10/2023
45,Lixeira Automática com Sensor,3,29.99,29/10/2023
46,Cabide de Madeira para Ternos,1,7.99,30/10/2023
47,Lavadora de Alta Pressão,2,149.99,31/10/2023
48,Frigideira de Ferro Fundido,1,39.99,01/11/2023
49,Forno Micro-ondas,2,119.99,02/11/2023
50,Kit de Potes de Vidro Herméticos,1,29.99,03/11/2023
51,Jogo de Toalhas de Banho,4,19.99,04/11/2023
52,Escova de Cabelo Profissional,1,12.99,05/11/2023
